elapsed_ns,rss_bytes,private_commit_bytes,cpu_ns
29558700,19623936,43986944,31250000
31785000,20160512,44171264,31250000
32091500,20160512,44171264,31250000
59345300,58961920,81641472,62500000
80635400,115847168,137818112,140625000
81169500,116408320,138342400,140625000
109062400,133087232,154636288,171875000
135997900,140812288,162471936,203125000
161873700,154963968,180400128,296875000
188881700,168714240,193593344,328125000
215897600,173076480,197902336,375000000
241861600,173076480,197902336,406250000
267878300,173076480,197902336,421875000
294855400,173076480,197902336,453125000
321274400,173076480,197902336,484375000
348282000,173076480,197902336,500000000
374281900,173076480,197902336,531250000
400398400,180690944,205398016,593750000
427309600,192720896,217481216,656250000
454350300,206405632,231284736,671875000
481392900,207020032,231682048,703125000
508323500,207032320,231694336,718750000
535360200,207032320,231694336,734375000
562529400,210038784,232816640,765625000
588681000,218488832,240181248,812500000
614357300,230268928,251211776,875000000
641289100,238219264,259186688,906250000
667386600,238219264,259186688,937500000
693358700,238219264,259186688,968750000
719291000,212688896,232554496,984375000
745322200,212697088,232554496,1015625000
771362300,212762624,232554496,1046875000
797288500,215183360,235483136,1062500000
824251900,215183360,235483136,1093750000
850236900,215183360,235483136,1125000000
876286400,215191552,235483136,1140625000
902253100,215191552,235483136,1171875000
928393600,215191552,235483136,1203125000
955260700,215191552,235483136,1218750000
981298700,179806208,198209536,1250000000
1007267400,179806208,198209536,1281250000
1034266900,179806208,198209536,1296875000
1060297000,151015424,163762176,1328125000
1087343800,151015424,163762176,1359375000
1113360100,151891968,164810752,1375000000
1139276800,151375872,164286464,1406250000
1165408000,116699136,128589824,1437500000
1190499000,116699136,128589824,1453125000
1217507600,116699136,128589824,1484375000
1242593500,116699136,128589824,1515625000
1268425000,116699136,128589824,1531250000
1295447300,116699136,128589824,1562500000
1321436000,116699136,128589824,1593750000
1347435600,116699136,128589824,1609375000
1373446100,116699136,128589824,1640625000
1400462400,116699136,128589824,1671875000
1425537800,117215232,128589824,1687500000
1451424900,118272000,129638400,1718750000
1477412100,118272000,129638400,1750000000
1503390500,118272000,129638400,1765625000
1529495000,118272000,129638400,1796875000
1556386500,118272000,129638400,1828125000
1581820900,118272000,129638400,1843750000
1608802000,118272000,129638400,1875000000
1635810900,118272000,129638400,1906250000
1661826600,118272000,129638400,1937500000
1688793300,118272000,129638400,1953125000
1714809700,118272000,129638400,1984375000
1740845400,119320576,130691072,2015625000
1766805200,119320576,130691072,2031250000
1792846700,119320576,130691072,2062500000
1818803000,119320576,130691072,2093750000
1844810600,119320576,130691072,2109375000
1870819600,119320576,130691072,2140625000
1897798400,119320576,130691072,2171875000
1924870600,119320576,130691072,2187500000
1950859000,119320576,130691072,2218750000
1977825800,119320576,130691072,2250000000
2003797100,119320576,130691072,2265625000
2028937000,119320576,130691072,2296875000
2054918400,119828480,131215360,2328125000
2081839600,120328192,131739648,2343750000
2108804000,120328192,131739648,2375000000
2135796900,120328192,131739648,2406250000
2162228200,120328192,131739648,2437500000
2188128800,120328192,131739648,2453125000
2213253100,120328192,131739648,2484375000
2239188300,120328192,131739648,2500000000
2266130800,120328192,131739648,2531250000
2293138000,120328192,131739648,2562500000
2319124200,120328192,131739648,2593750000
2346121800,120328192,131739648,2609375000
2371254900,121151488,132268032,2640625000
2398220100,113254400,124387328,2671875000
2425168700,113254400,124387328,2687500000
2451168000,113254400,124387328,2718750000
2477265000,113254400,124387328,2750000000
2503144900,113254400,124387328,2765625000
2530131600,113254400,124387328,2796875000
2556165400,113254400,124387328,2828125000
2582137700,113254400,124387328,2843750000
2608176800,113254400,124387328,2875000000
2634147300,113721344,124387328,2906250000
2660136000,113786880,124387328,2921875000
2685186200,113201152,123867136,2953125000
2712145800,113201152,123867136,2984375000
2738135600,113201152,123867136,3000000000
2764225400,113201152,123867136,3031250000
2790159500,113201152,123867136,3062500000
2816128700,113201152,123867136,3078125000
2843153400,113201152,123867136,3109375000
2869137700,113201152,123867136,3140625000
2895139300,113201152,123867136,3156250000
2921134800,113201152,123867136,3187500000
2947125400,113201152,123867136,3218750000
2972210600,113688576,123867136,3234375000
2998145200,113541120,124391424,3265625000
3024141700,113541120,124391424,3296875000
3050130200,113541120,124391424,3312500000
3077136800,113541120,124391424,3343750000
3103199700,113541120,124391424,3375000000
3129312100,113541120,124391424,3390625000
3156211100,113541120,124391424,3421875000
3182256100,113541120,124391424,3453125000
3209200600,113541120,124391424,3484375000
3235147800,113541120,124391424,3500000000
3261135800,113541120,124391424,3531250000
3288060700,113541120,124391424,3562500000
3313141400,113541120,124391424,3578125000
3339142800,113541120,124391424,3609375000
3366213600,113868800,124915712,3640625000
3392133500,113868800,124915712,3656250000
3418135800,113868800,124915712,3687500000
3444141300,113868800,124915712,3718750000
3471141300,113868800,124915712,3734375000
3497124600,113868800,124915712,3765625000
3523134800,113868800,124915712,3796875000
3548707000,113868800,124915712,3812500000
3574167400,113868800,124915712,3843750000
3601138900,113868800,124915712,3875000000
3627177500,113868800,124915712,3890625000
3653147500,113868800,124915712,3921875000
3680126500,113868800,124915712,3953125000
3707179200,113868800,124915712,3968750000
3733178700,114868224,125440000,4000000000
3759165800,114737152,125440000,4031250000
3785156800,114737152,125440000,4046875000
3812148800,114737152,125440000,4078125000
3838162400,114737152,125440000,4109375000
3864182500,114737152,125440000,4125000000
3890177800,114737152,125440000,4156250000
3916155400,114737152,125440000,4187500000
3942202000,114737152,125440000,4203125000
3967691500,114737152,125440000,4234375000
3994679700,114737152,125440000,4265625000
4020531400,114737152,125440000,4281250000
4047583700,114737152,125440000,4312500000
4074000700,114737152,125440000,4343750000
4101015600,114737152,125440000,4375000000
4126977500,114737152,125440000,4390625000
4152776700,114999296,125964288,4421875000
4178780200,114860032,125968384,4453125000
4205622800,114860032,125968384,4468750000
4231579800,114860032,125968384,4500000000
4257625800,114860032,125968384,4531250000
4284212800,114860032,125968384,4546875000
4310211900,114860032,125968384,4578125000
4337168000,114860032,125968384,4609375000
4363187100,114860032,125968384,4625000000
4388532300,114860032,125968384,4656250000
4413978500,114860032,125968384,4687500000
4439702000,114860032,125968384,4703125000
4466731100,114860032,125968384,4734375000
4492713900,114860032,125968384,4765625000
4518717900,114860032,125968384,4781250000
4544235500,114860032,125968384,4812500000
4570707600,114860032,125968384,4843750000
4596166300,114860032,125968384,4859375000
4622701200,115269632,125968384,4890625000
4649754800,115269632,125968384,4921875000
4675691800,115269632,125968384,4937500000
4701698900,115269632,125968384,4968750000
4727781300,115269632,125968384,5000000000
4753191600,115269632,125968384,5015625000
4779175100,115269632,125968384,5046875000
4805199200,115269632,125968384,5078125000
4831206700,115269632,125968384,5093750000
4858287700,115269632,125968384,5125000000
4883540700,115269632,125968384,5156250000
4910348900,115269632,125968384,5171875000
4935819500,115269632,125968384,5203125000
4961894500,115269632,125968384,5234375000
4988416600,115269632,125968384,5250000000
5014406600,115269632,125968384,5281250000
5040017100,115335168,125968384,5312500000
5066050100,115728384,126488576,5328125000
5092465400,115728384,126488576,5359375000
5117916500,115728384,126488576,5375000000
5143950800,115728384,126488576,5390625000
5170942700,115728384,126488576,5421875000
5197643500,115728384,126488576,5453125000
5224696700,115728384,126488576,5468750000
5249794000,115728384,126488576,5500000000
5274912400,115728384,126488576,5531250000
5300914500,115728384,126488576,5546875000
5326878300,115728384,126488576,5578125000
5353025600,115728384,126488576,5609375000
5378904300,115728384,126488576,5625000000
5405922000,115728384,126488576,5656250000
5431916000,115728384,126488576,5687500000
5458714300,115728384,126488576,5703125000
5484530600,116252672,127016960,5734375000
5510495300,116252672,127016960,5765625000
5536587700,116252672,127016960,5796875000
5562644200,116252672,127016960,5812500000
5587886600,116252672,127016960,5843750000
5613928300,116252672,127016960,5859375000
5639840100,116252672,127016960,5890625000
5666860500,130523136,147968000,5953125000
5679851300,147456000,166350848,6015625000
5680261400,147992576,167931904,6015625000
