runtime,repetition,parked,samples,rss_p20_mib,rss_p50_mib,rss_p90_mib,rss_p95_mib,rss_p99_mib,rss_max_mib,commit_p50_mib,commit_p99_mib,commit_max_mib
graalphp-before-untimed,1,1000,199,145.977,153.434,169.477,169.531,171.352,171.352,174.355,191.324,191.324
graalphp-before,1,1000,174,198.875,201.680,345.523,345.875,349.215,349.375,219.117,365.148,365.195
graalphp-untimed,1,1000,170,75.336,78.742,125.563,150.566,153.258,153.258,89.328,173.836,173.836
graalphp,1,1000,172,80.859,81.801,157.992,197.590,201.266,201.266,93.168,219.094,219.094
trueasync-untimed,1,1000,150,38.555,38.555,38.555,38.555,38.555,38.555,2150.828,2150.828,2150.828
trueasync,1,1000,150,38.660,38.910,38.910,38.910,38.910,38.910,2150.605,2150.605,2150.605
graalphp-before-untimed,1,10000,170,171.215,171.785,181.898,181.914,181.914,181.914,192.785,203.305,203.305
graalphp-before,1,10000,172,223.000,223.824,230.473,231.473,231.473,231.473,243.102,249.609,249.609
graalphp-untimed,1,10000,167,99.703,103.105,157.855,158.109,184.035,184.035,113.473,204.379,204.379
graalphp,1,10000,175,105.754,107.211,200.469,207.039,230.180,230.180,116.992,248.715,248.715
trueasync-untimed,1,10000,154,162.129,162.129,162.129,162.129,162.129,162.129,20240.406,20240.406,20240.406
trueasync,1,10000,215,148.750,162.426,163.051,163.051,163.051,163.055,20240.398,20242.402,20242.402
trueasync,2,1000,153,38.676,38.926,38.926,38.926,38.926,38.926,2150.609,2150.609,2150.609
trueasync-untimed,2,1000,148,38.363,38.363,38.363,38.363,38.363,38.363,2150.633,2150.633,2150.633
graalphp,2,1000,166,80.742,81.758,178.559,191.066,201.305,201.305,92.988,219.102,219.102
graalphp-untimed,2,1000,162,77.055,83.031,127.164,150.543,153.289,153.289,94.367,173.867,173.867
graalphp-before,2,1000,168,197.402,197.973,201.410,201.535,201.535,201.535,217.184,219.188,219.188
graalphp-before-untimed,2,1000,159,145.020,145.781,153.473,153.477,153.477,153.477,165.895,174.406,174.406
trueasync,2,10000,153,162.398,163.070,163.070,163.070,163.070,163.070,20242.387,20242.387,20242.387
trueasync-untimed,2,10000,253,136.254,162.203,162.203,162.203,162.203,162.203,20240.461,20240.461,20240.461
graalphp,2,10000,177,107.051,112.992,210.359,246.695,247.637,247.637,121.531,266.656,266.656
graalphp-untimed,2,10000,171,101.078,109.973,157.547,157.777,184.055,184.055,121.520,204.922,204.922
graalphp-before,2,10000,174,223.070,224.602,244.363,244.375,250.281,250.281,243.156,267.781,267.781
graalphp-before-untimed,2,10000,168,171.328,173.453,200.965,200.969,201.406,201.414,194.305,220.258,220.258
graalphp-before-untimed,3,1000,160,145.523,152.188,169.043,169.523,169.629,169.633,172.344,189.441,189.441
graalphp-before,3,1000,166,197.441,198.020,201.551,201.574,201.625,201.805,217.156,219.160,219.660
graalphp-untimed,3,1000,164,75.559,78.953,125.723,150.719,153.402,153.402,89.578,173.859,173.859
graalphp,3,1000,166,80.918,81.848,178.539,190.117,201.313,201.313,93.023,219.102,219.102
trueasync-untimed,3,1000,145,38.527,38.527,38.527,38.527,38.527,38.527,2150.820,2150.820,2150.820
trueasync,3,1000,147,38.648,38.898,38.898,38.898,38.898,38.898,2150.621,2150.621,2150.621
graalphp-before-untimed,3,10000,168,175.836,176.789,186.660,186.660,186.973,187.160,196.297,206.313,206.813
graalphp-before,3,10000,171,224.863,231.527,244.766,245.152,251.566,251.598,250.055,269.977,269.977
graalphp-untimed,3,10000,168,99.523,102.941,157.805,158.121,184.082,184.082,113.313,204.922,204.922
graalphp,3,10000,175,106.457,111.129,183.246,202.914,225.906,225.926,122.176,245.246,245.258
trueasync-untimed,3,10000,153,162.145,162.145,162.145,162.145,162.145,162.145,20240.387,20240.387,20240.387
trueasync,3,10000,198,154.859,162.434,162.996,162.996,162.996,162.996,20240.418,20242.422,20242.422
