elapsed_ns,rss_bytes,private_commit_bytes
40128400,21123072,44240896
40133300,21123072,44240896
45586500,33157120,63365120
45592200,33234944,63365120
74459800,67895296,84819968
104990400,110673920,135249920
135354500,124633088,149172224
166564900,129613824,153899008
198693800,134922240,159154176
230838200,140296192,164405248
262976000,147013632,170246144
294373300,152190976,174972928
326563600,169394176,191258624
356817300,185946112,207609856
388120300,187555840,209276928
419193400,187555840,209276928
451433300,190554112,209879040
483656000,192634880,211456000
515783800,208289792,226779136
548000000,208289792,226779136
580148800,208289792,226779136
612259200,208289792,226779136
643483900,211324928,229834752
675690100,211324928,229834752
707800800,211324928,229834752
739998400,211324928,229834752
772063500,211324928,229834752
803358900,211324928,229834752
835482500,211324928,229834752
867660200,211324928,229834752
899723100,211324928,229834752
931840100,211324928,229834752
963977900,211193856,229834752
995196000,211193856,229834752
1026687300,211193856,229834752
1058786700,211193856,229834752
1090944700,211193856,229834752
1123111800,211193856,229834752
1154259400,211193856,229834752
1186448800,211193856,229834752
1218573200,211193856,229834752
1250802200,211009536,229834752
1282905000,211009536,229834752
1315054700,211009536,229834752
1346258200,211009536,229834752
1378376800,211009536,229834752
1410529700,211009536,229834752
1442668800,211009536,229834752
1474746200,211009536,229834752
1506905900,211009536,229834752
1539046500,210731008,229834752
1570212100,210731008,229834752
1601413100,210731008,229834752
1633989900,210731008,229834752
1664888700,210731008,229834752
1697044200,210731008,229834752
1729159100,210731008,229834752
1761280800,210731008,229834752
1792435300,210731008,229834752
1823650100,210976768,229834752
1855737100,210976768,229834752
1887880600,210976768,229834752
1919163500,210976768,229834752
1951305000,210976768,229834752
1983493700,210976768,229834752
2015637500,210976768,229834752
2047718500,210976768,229834752
2078968600,210984960,229834752
2113454400,210984960,229834752
2145494300,210984960,229834752
2177441600,210984960,229834752
2209017100,210984960,229834752
2240529900,210984960,229834752
2272058200,210984960,229834752
2304004000,210984960,229834752
2336277000,210984960,229834752
2367979100,208367616,227209216
2399652900,208367616,227209216
2431347400,208367616,227209216
2463100700,208367616,227209216
2494988300,208367616,227209216
2526612800,208367616,227209216
2558468700,208367616,227209216
2590310900,208367616,227209216
2621863500,208379904,227209216
2653732000,208379904,227209216
2685794600,208379904,227209216
2717446900,208379904,227209216
2748099600,208379904,227209216
2780281100,208379904,227209216
2812474300,208379904,227209216
2844577400,208379904,227209216
2876700800,208506880,227733504
2907041500,207982592,227209216
2939169300,207982592,227209216
2971336700,207982592,227209216
3003484800,207982592,227209216
3035689000,207982592,227209216
3067811300,207982592,227209216
3099932800,207982592,227209216
3131326800,207982592,227209216
3163378700,207982592,227209216
3195479900,207589376,227213312
3227656200,207589376,227213312
3259807500,207589376,227213312
3291968600,207589376,227213312
3323335000,207589376,227213312
3354516100,207589376,227213312
3386724100,207589376,227213312
3418803500,207589376,227213312
3449940800,207589376,227213312
3482031700,207589376,227213312
3514198000,207589376,227213312
3546340300,207265792,227209216
3578451400,207265792,227209216
3610579500,207265792,227209216
3642737800,207265792,227209216
3674849200,207265792,227209216
3706999900,207265792,227209216
3739116200,207265792,227209216
3770283700,207265792,227209216
3802524800,207265792,227209216
3834630000,207265792,227209216
3866815200,207265792,227209216
3898931300,207007744,227733504
3931097500,207007744,227733504
3963270000,207007744,227733504
3995214100,207007744,227733504
4025543600,207007744,227733504
4056808300,207007744,227733504
4088929900,207007744,227733504
4119917500,207007744,227733504
4151277100,207007744,227733504
4181655500,207007744,227733504
4212939200,207007744,227733504
4245060200,206991360,227737600
4276194900,206991360,227737600
4308324000,206991360,227737600
4340432500,206991360,227737600
4371652000,206991360,227737600
4403774900,206991360,227737600
4435935200,206991360,227737600
4468077800,206991360,227737600
4500129300,206991360,227737600
4532271800,206991360,227737600
4564406900,206991360,227737600
4596588500,207007744,227737600
4628593700,207007744,227737600
4660847000,207007744,227737600
4692954900,207007744,227737600
4725030000,207007744,227737600
4757151900,207007744,227737600
4789337700,207007744,227737600
4821449600,207007744,227737600
4853573000,207007744,227737600
4885711100,207007744,227737600
4917904200,207011840,227737600
4948989200,206614528,227733504
4981187100,206614528,227733504
5012408800,206614528,227733504
5044567900,206614528,227733504
5076732400,206614528,227733504
5108840200,206614528,227733504
5140992400,206614528,227733504
5173121800,206614528,227733504
5203469700,207355904,227676160
5206088300,206954496,227061760
5206095300,206954496,227061760
