runtime,repetition,parked,phase,clients,operations,seconds,cpu_seconds,cpu_percent_one_core,p50_ms,p95_ms,p99_ms,rss_mib,private_commit_mib,sampled_peak_rss_mib
graalphp-native,1,1000,baseline,0,0,1.020975,0.000000,0.000,0.000000,0.000000,0.000000,345.961,362.234,345.961
graalphp-native,1,1000,spawn,0,1000,0.013123,0.000000,0.000,0.000000,0.000000,0.000000,346.004,362.250,346.004
graalphp-native,1,1000,suspended,0,0,1.017347,0.000000,0.000,0.000000,0.000000,0.000000,346.199,362.273,346.199
graalphp-native,1,1000,echo,64,77265,4.044815,4.859375,120.138,3.006900,3.997400,9.172300,345.293,359.680,362.121
graalphp-native,1,1000,echo,256,68345,4.051443,4.812500,118.785,14.313200,21.666700,24.216500,267.160,279.789,357.996
graalphp-native,1,1000,relay,64,30115,4.035864,5.781250,143.247,8.235200,11.165800,14.407200,283.973,302.641,309.133
graalphp-native,1,1000,relay,256,26058,4.041529,5.281250,130.675,36.414900,60.884200,72.426800,295.625,312.273,295.563
graalphp-native,1,1000,released,0,0,1.021029,0.000000,0.000,0.000000,0.000000,0.000000,293.133,310.895,293.133
trueasync,1,1000,baseline,0,0,1.018698,0.000000,0.000,0.000000,0.000000,0.000000,23.887,22.855,23.887
trueasync,1,1000,spawn,0,1000,0.011769,0.015625,132.761,0.000000,0.000000,0.000000,36.918,2024.801,36.918
trueasync,1,1000,suspended,0,0,1.014815,0.000000,0.000,0.000000,0.000000,0.000000,36.918,2024.801,36.918
trueasync,1,1000,echo,64,121814,4.041834,4.687500,115.975,2.083600,2.384600,2.552500,39.480,2152.090,39.477
trueasync,1,1000,echo,256,118546,4.039346,4.593750,113.725,8.619200,9.709200,10.365300,47.555,2543.707,47.555
trueasync,1,1000,relay,64,42720,4.043087,4.312500,106.664,5.930500,6.663400,7.559000,44.484,2156.750,44.484
trueasync,1,1000,relay,256,37790,4.047860,4.328125,106.924,26.692600,31.900700,35.664800,54.262,2547.195,54.262
trueasync,1,1000,released,0,0,1.017611,0.000000,0.000,0.000000,0.000000,0.000000,41.633,1059.195,41.633
graalphp-native,1,10000,baseline,0,0,1.019423,0.000000,0.000,0.000000,0.000000,0.000000,229.078,244.773,229.078
graalphp-native,1,10000,spawn,0,10000,0.150361,0.218750,145.483,0.000000,0.000000,0.000000,249.586,264.289,249.586
graalphp-native,1,10000,suspended,0,0,1.022119,0.000000,0.000,0.000000,0.000000,0.000000,249.586,264.289,249.586
graalphp-native,1,10000,echo,64,74048,4.006097,4.859375,121.299,3.056500,4.117200,10.090300,247.176,260.938,256.352
graalphp-native,1,10000,echo,256,68432,4.051678,4.921875,121.477,13.646000,20.048600,25.194700,216.520,230.070,253.379
graalphp-native,1,10000,relay,64,16513,4.016723,5.890625,146.653,15.217600,19.971100,22.479100,268.348,284.645,268.348
graalphp-native,1,10000,relay,256,18504,4.089704,6.437500,157.407,55.080900,79.259300,90.861900,278.117,292.875,278.188
graalphp-native,1,10000,released,0,0,1.013889,0.000000,0.000,0.000000,0.000000,0.000000,275.027,289.371,275.027
trueasync,1,10000,baseline,0,0,1.016933,0.000000,0.000,0.000000,0.000000,0.000000,23.941,26.875,23.941
trueasync,1,10000,spawn,0,10000,0.063933,0.062500,97.759,0.000000,0.000000,0.000000,160.773,20114.574,160.773
trueasync,1,10000,suspended,0,0,1.018085,0.000000,0.000,0.000000,0.000000,0.000000,160.773,20114.574,160.773
trueasync,1,10000,echo,64,115462,4.034968,4.828125,119.657,2.183300,2.750200,3.289300,163.305,20243.895,163.305
trueasync,1,10000,echo,256,111696,4.038771,4.890625,121.092,9.073000,10.507000,12.229200,171.328,20633.504,171.328
trueasync,1,10000,relay,64,40397,4.038131,4.281250,106.021,6.210800,7.301200,8.496900,168.234,20246.840,168.234
trueasync,1,10000,relay,256,36964,4.044410,4.421875,109.333,27.239900,30.722400,50.474700,178.016,20639.055,177.891
trueasync,1,10000,released,0,0,1.017301,0.000000,0.000,0.000000,0.000000,0.000000,129.684,10096.023,129.684
trueasync,2,1000,baseline,0,0,1.013654,0.000000,0.000,0.000000,0.000000,0.000000,23.938,20.863,23.938
trueasync,2,1000,spawn,0,1000,0.013096,0.015625,119.310,0.000000,0.000000,0.000000,36.977,2024.793,36.977
trueasync,2,1000,suspended,0,0,1.016351,0.000000,0.000,0.000000,0.000000,0.000000,36.977,2024.793,36.977
trueasync,2,1000,echo,64,112553,4.009048,4.703125,117.313,2.196500,2.661000,3.309000,39.527,2152.094,39.527
trueasync,2,1000,echo,256,110850,4.041982,4.687500,115.970,9.161800,10.657400,11.401300,47.582,2543.672,47.582
trueasync,2,1000,relay,64,41549,4.042859,4.234375,104.737,5.996200,6.901900,8.742300,44.605,2157.066,44.605
trueasync,2,1000,relay,256,38111,4.057142,4.328125,106.679,26.267700,30.321400,64.155700,54.367,2547.266,54.367
trueasync,2,1000,released,0,0,1.039034,0.000000,0.000,0.000000,0.000000,0.000000,41.652,1039.121,41.652
graalphp-native,2,1000,baseline,0,0,1.015140,0.000000,0.000,0.000000,0.000000,0.000000,280.691,296.125,280.691
graalphp-native,2,1000,spawn,0,1000,0.012189,0.000000,0.000,0.000000,0.000000,0.000000,280.727,296.145,280.727
graalphp-native,2,1000,suspended,0,0,1.014439,0.000000,0.000,0.000000,0.000000,0.000000,280.832,296.180,280.832
graalphp-native,2,1000,echo,64,72235,4.035369,4.875000,120.807,3.277300,4.303700,9.859800,304.535,317.598,324.840
graalphp-native,2,1000,echo,256,67117,4.012657,4.734375,117.986,14.279000,20.621500,24.658700,253.648,266.820,323.672
graalphp-native,2,1000,relay,64,29960,4.034673,5.843750,144.838,8.212600,11.651400,16.447100,276.352,295.035,301.430
graalphp-native,2,1000,relay,256,25195,4.037299,5.156250,127.715,36.031200,69.491400,96.671100,287.402,304.633,287.402
graalphp-native,2,1000,released,0,0,1.021045,0.000000,0.000,0.000000,0.000000,0.000000,284.758,301.594,284.758
trueasync,2,10000,baseline,0,0,1.005106,0.000000,0.000,0.000000,0.000000,0.000000,23.844,20.813,23.844
trueasync,2,10000,spawn,0,10000,0.078833,0.078125,99.102,0.000000,0.000000,0.000000,160.715,20114.559,160.715
trueasync,2,10000,suspended,0,0,1.017435,0.000000,0.000,0.000000,0.000000,0.000000,160.715,20114.559,160.715
trueasync,2,10000,echo,64,111183,4.027323,4.640625,115.229,2.229800,2.796100,3.537600,163.301,20243.887,163.301
trueasync,2,10000,echo,256,105991,4.029874,4.656250,115.543,9.608100,11.298300,12.418100,171.277,20633.457,171.277
trueasync,2,10000,relay,64,39351,4.040049,4.203125,104.036,6.317100,7.559700,9.639700,168.223,20246.492,168.223
trueasync,2,10000,relay,256,34302,4.097209,4.250000,103.729,28.177200,32.939500,129.950100,177.945,20639.059,177.883
trueasync,2,10000,released,0,0,1.019542,0.000000,0.000,0.000000,0.000000,0.000000,129.887,10102.066,129.887
graalphp-native,2,10000,baseline,0,0,1.020243,0.000000,0.000,0.000000,0.000000,0.000000,290.520,305.676,290.520
graalphp-native,2,10000,spawn,0,10000,0.104152,0.156250,150.022,0.000000,0.000000,0.000000,312.559,326.234,312.559
graalphp-native,2,10000,suspended,0,0,1.017869,0.000000,0.000,0.000000,0.000000,0.000000,312.559,326.234,312.559
graalphp-native,2,10000,echo,64,72969,4.045677,4.953125,122.430,3.156800,4.235400,10.565700,318.566,332.289,330.313
graalphp-native,2,10000,echo,256,64334,4.091048,4.937500,120.690,16.162900,23.141700,25.633100,254.461,267.238,339.395
graalphp-native,2,10000,relay,64,16010,4.041707,6.078125,150.385,16.238400,21.582100,24.614900,305.457,323.887,305.707
graalphp-native,2,10000,relay,256,15432,4.051607,5.812500,143.462,68.390600,82.048600,89.215000,320.000,337.148,320.000
graalphp-native,2,10000,released,0,0,1.019904,0.000000,0.000,0.000000,0.000000,0.000000,317.477,333.746,317.477
graalphp-native,3,1000,baseline,0,0,1.020037,0.000000,0.000,0.000000,0.000000,0.000000,228.816,245.477,228.816
graalphp-native,3,1000,spawn,0,1000,0.011256,0.000000,0.000,0.000000,0.000000,0.000000,228.883,245.496,228.883
graalphp-native,3,1000,suspended,0,0,1.018866,0.000000,0.000,0.000000,0.000000,0.000000,232.191,249.031,232.191
graalphp-native,3,1000,echo,64,78085,4.044768,5.015625,124.003,2.986100,4.032900,8.742100,241.852,256.496,259.219
graalphp-native,3,1000,echo,256,66953,4.015968,4.734375,117.889,15.347400,20.669900,24.113000,212.723,226.805,251.945
graalphp-native,3,1000,relay,64,29929,4.025424,5.718750,142.066,8.262200,11.480700,16.002100,220.434,237.805,268.875
graalphp-native,3,1000,relay,256,27224,4.048651,5.390625,133.146,34.737300,60.824100,76.232100,240.063,259.801,240.063
graalphp-native,3,1000,released,0,0,1.019922,0.000000,0.000,0.000000,0.000000,0.000000,237.453,256.738,237.453
trueasync,3,1000,baseline,0,0,1.017206,0.000000,0.000,0.000000,0.000000,0.000000,23.676,20.629,23.676
trueasync,3,1000,spawn,0,1000,0.014104,0.000000,0.000,0.000000,0.000000,0.000000,36.719,2024.637,36.719
trueasync,3,1000,suspended,0,0,1.018927,0.000000,0.000,0.000000,0.000000,0.000000,36.719,2024.637,36.719
trueasync,3,1000,echo,64,116020,4.017157,4.468750,111.242,2.122900,2.516800,3.153700,39.277,2151.871,39.277
trueasync,3,1000,echo,256,113107,4.032584,4.781250,118.565,8.851200,10.954700,12.320300,47.355,2543.488,47.355
trueasync,3,1000,relay,64,40489,4.019729,4.203125,104.562,6.123100,7.489100,8.914000,44.453,2157.383,44.453
trueasync,3,1000,relay,256,38064,4.030965,4.218750,104.659,26.247800,29.650600,57.377200,54.203,2547.141,54.203
trueasync,3,1000,released,0,0,1.046458,0.000000,0.000,0.000000,0.000000,0.000000,41.398,1061.883,41.398
graalphp-native,3,10000,baseline,0,0,1.018175,0.000000,0.000,0.000000,0.000000,0.000000,234.105,250.355,234.105
graalphp-native,3,10000,spawn,0,10000,0.148374,0.171875,115.839,0.000000,0.000000,0.000000,249.621,264.824,249.621
graalphp-native,3,10000,suspended,0,0,1.016528,0.000000,0.000,0.000000,0.000000,0.000000,249.691,264.824,249.691
graalphp-native,3,10000,echo,64,72200,4.048836,4.828125,119.247,3.113600,4.055500,11.615500,251.844,265.477,265.199
graalphp-native,3,10000,echo,256,66478,4.048573,4.890625,120.799,15.277300,21.588400,25.766900,219.520,233.141,257.824
graalphp-native,3,10000,relay,64,14871,4.013622,5.750000,143.262,17.079300,21.930900,26.231500,223.375,241.949,276.172
trueasync,3,10000,baseline,0,0,1.015769,0.000000,0.000,0.000000,0.000000,0.000000,23.930,20.898,23.930
trueasync,3,10000,spawn,0,10000,0.707112,0.046875,6.629,0.000000,0.000000,0.000000,160.824,20114.629,160.824
trueasync,3,10000,suspended,0,0,1.040026,0.000000,0.000,0.000000,0.000000,0.000000,160.824,20114.629,160.824
trueasync,3,10000,echo,64,111890,4.002146,4.453125,111.268,2.165100,2.721000,3.518500,163.371,20243.941,163.371
trueasync,3,10000,echo,256,107052,4.024875,4.781250,118.793,9.220800,12.141500,13.450700,171.109,20633.250,171.109
trueasync,3,10000,relay,64,39730,4.044455,4.078125,100.832,6.244700,7.796200,10.297600,168.098,20247.109,168.098
trueasync,3,10000,relay,256,37753,4.042864,4.281250,105.896,26.903900,30.113800,33.035000,177.852,20636.980,177.852
trueasync,3,10000,released,0,0,1.018239,0.000000,0.000,0.000000,0.000000,0.000000,129.547,10115.699,129.547
