runtime,repetition,parked,event,received_elapsed_ns,observed_elapsed_ns,received_utc
graalphp-before-untimed,1,1000,/begin,43584000,61477400,2026-09-25T22:38:13.572116200Z
graalphp-before-untimed,1,1000,/suspended,93322000,93481600,2026-09-25T22:38:13.622124700Z
graalphp-before-untimed,1,1000,/end,5656670800,5656843900,2026-09-25T22:38:19.185649500Z
graalphp-before,1,1000,/begin,28413700,28535800,2026-09-25T22:38:19.258820500Z
graalphp-before,1,1000,/suspended,34610500,34676800,2026-09-25T22:38:19.264826900Z
graalphp-before,1,1000,/end,5276564000,5276749000,2026-09-25T22:38:24.507401600Z
graalphp-untimed,1,1000,/begin,28645800,28757500,2026-09-25T22:38:24.614552300Z
graalphp-untimed,1,1000,/suspended,34935400,35030300,2026-09-25T22:38:24.620557600Z
graalphp-untimed,1,1000,/end,5033362800,5033457000,2026-09-25T22:38:29.618673100Z
graalphp,1,1000,/begin,28601500,28718300,2026-09-25T22:38:29.680252700Z
graalphp,1,1000,/suspended,34631800,34697900,2026-09-25T22:38:29.686241200Z
graalphp,1,1000,/end,5167076200,5167197000,2026-09-25T22:38:34.818295500Z
graalphp-before-untimed,1,10000,/begin,26632300,26790900,2026-09-25T22:38:34.881726Z
graalphp-before-untimed,1,10000,/suspended,76336200,76514700,2026-09-25T22:38:34.930718300Z
graalphp-before-untimed,1,10000,/end,5357800400,5357945400,2026-09-25T22:38:40.212640700Z
graalphp-before,1,10000,/begin,25666700,25788600,2026-09-25T22:38:40.271564400Z
graalphp-before,1,10000,/suspended,72550500,72682900,2026-09-25T22:38:40.318541100Z
graalphp-before,1,10000,/end,5397080600,5397218600,2026-09-25T22:38:45.642993800Z
graalphp-untimed,1,10000,/begin,31240800,31324800,2026-09-25T22:38:45.752938900Z
graalphp-untimed,1,10000,/suspended,80268300,80397500,2026-09-25T22:38:45.802114900Z
graalphp-untimed,1,10000,/end,5244365200,5244487900,2026-09-25T22:38:50.966278900Z
graalphp,1,10000,/begin,27687100,27786200,2026-09-25T22:38:51.027311800Z
graalphp,1,10000,/suspended,74666900,74789500,2026-09-25T22:38:51.074590600Z
graalphp,1,10000,/end,5362300700,5362409700,2026-09-25T22:38:56.362485700Z
graalphp,2,1000,/begin,29213500,29282900,2026-09-25T22:38:56.439596200Z
graalphp,2,1000,/suspended,35513500,35587800,2026-09-25T22:38:56.445583Z
graalphp,2,1000,/end,5143211400,5143349000,2026-09-25T22:39:01.553330200Z
graalphp-untimed,2,1000,/begin,33025500,33139200,2026-09-25T22:39:01.619599200Z
graalphp-untimed,2,1000,/suspended,38793600,38855200,2026-09-25T22:39:01.624660100Z
graalphp-untimed,2,1000,/end,4998056000,4998153300,2026-09-25T22:39:06.583992500Z
graalphp-before,2,1000,/begin,29262400,29381000,2026-09-25T22:39:06.648438900Z
graalphp-before,2,1000,/suspended,35314300,35388100,2026-09-25T22:39:06.654373900Z
graalphp-before,2,1000,/end,5178711700,5178812200,2026-09-25T22:39:11.798463400Z
graalphp-before-untimed,2,1000,/begin,32350700,32425500,2026-09-25T22:39:11.899078100Z
graalphp-before-untimed,2,1000,/suspended,39918300,39981700,2026-09-25T22:39:11.906076300Z
graalphp-before-untimed,2,1000,/end,4958296900,4958384900,2026-09-25T22:39:16.824869500Z
graalphp,2,10000,/begin,27667700,27775700,2026-09-25T22:39:16.883824300Z
graalphp,2,10000,/suspended,75407700,75532000,2026-09-25T22:39:16.931457100Z
graalphp,2,10000,/end,5261956400,5262112600,2026-09-25T22:39:22.117827500Z
graalphp-untimed,2,10000,/begin,28383800,28663300,2026-09-25T22:39:22.190562900Z
graalphp-untimed,2,10000,/suspended,77090300,77211300,2026-09-25T22:39:22.239534800Z
graalphp-untimed,2,10000,/end,5176240600,5176398200,2026-09-25T22:39:27.338760Z
graalphp-before,2,10000,/begin,29893400,29996400,2026-09-25T22:39:27.401273100Z
graalphp-before,2,10000,/suspended,78142200,78276100,2026-09-25T22:39:27.449332200Z
graalphp-before,2,10000,/end,5291469700,5291612700,2026-09-25T22:39:32.662824900Z
graalphp-before-untimed,2,10000,/begin,26733800,26837100,2026-09-25T22:39:32.726431700Z
graalphp-before-untimed,2,10000,/suspended,74975900,75099000,2026-09-25T22:39:32.775150800Z
graalphp-before-untimed,2,10000,/end,5123048500,5123176800,2026-09-25T22:39:37.823795100Z
graalphp-before-untimed,3,1000,/begin,27697800,27800000,2026-09-25T22:39:37.882504900Z
graalphp-before-untimed,3,1000,/suspended,33400100,33464600,2026-09-25T22:39:37.888503300Z
graalphp-before-untimed,3,1000,/end,4948590100,4948685000,2026-09-25T22:39:42.803483300Z
graalphp-before,3,1000,/begin,30064800,30218400,2026-09-25T22:39:42.867781700Z
graalphp-before,3,1000,/suspended,39552000,39616200,2026-09-25T22:39:42.876787100Z
graalphp-before,3,1000,/end,5084730000,5084851600,2026-09-25T22:39:47.922344Z
graalphp-untimed,3,1000,/begin,30682700,30777500,2026-09-25T22:39:48.015490800Z
graalphp-untimed,3,1000,/suspended,36446500,36573900,2026-09-25T22:39:48.021443400Z
graalphp-untimed,3,1000,/end,4893603800,4893693500,2026-09-25T22:39:52.878283400Z
graalphp,3,1000,/begin,26432200,26532800,2026-09-25T22:39:52.937501300Z
graalphp,3,1000,/suspended,32180500,32239000,2026-09-25T22:39:52.943500500Z
graalphp,3,1000,/end,5034663300,5034752600,2026-09-25T22:39:57.945186200Z
graalphp-before-untimed,3,10000,/begin,28700100,28811000,2026-09-25T22:39:58.019664500Z
graalphp-before-untimed,3,10000,/suspended,75525400,75640400,2026-09-25T22:39:58.066624Z
graalphp-before-untimed,3,10000,/end,5247250700,5247455200,2026-09-25T22:40:03.238445900Z
graalphp-before,3,10000,/begin,28770300,28887500,2026-09-25T22:40:03.299788600Z
graalphp-before,3,10000,/suspended,80394500,80563000,2026-09-25T22:40:03.351778900Z
graalphp-before,3,10000,/end,5361525400,5361665000,2026-09-25T22:40:08.632312700Z
graalphp-untimed,3,10000,/begin,53792400,53934600,2026-09-25T22:40:08.751048800Z
graalphp-untimed,3,10000,/suspended,102440600,102564200,2026-09-25T22:40:08.800102900Z
graalphp-untimed,3,10000,/end,5226798600,5226923800,2026-09-25T22:40:13.923705500Z
graalphp,3,10000,/begin,26218300,26316600,2026-09-25T22:40:13.980818700Z
graalphp,3,10000,/suspended,74078700,74251600,2026-09-25T22:40:14.028886500Z
graalphp,3,10000,/end,5329458400,5329569000,2026-09-25T22:40:19.284371300Z
graalphp,4,1000,/begin,39303700,39385400,2026-09-25T22:40:19.389331600Z
graalphp,4,1000,/suspended,44923400,44970700,2026-09-25T22:40:19.395337800Z
graalphp,4,1000,/end,5094829200,5094961300,2026-09-25T22:40:24.444778700Z
graalphp-untimed,4,1000,/begin,26358300,26478600,2026-09-25T22:40:24.506980300Z
graalphp-untimed,4,1000,/suspended,32206000,32272900,2026-09-25T22:40:24.512957300Z
graalphp-untimed,4,1000,/end,4867144900,4867248000,2026-09-25T22:40:29.347906600Z
graalphp-before,4,1000,/begin,27166700,27262600,2026-09-25T22:40:29.407408100Z
graalphp-before,4,1000,/suspended,33219000,33286500,2026-09-25T22:40:29.413412300Z
graalphp-before,4,1000,/end,4987733200,4987834400,2026-09-25T22:40:34.367727700Z
graalphp-before-untimed,4,1000,/begin,28211600,28272400,2026-09-25T22:40:34.429718400Z
graalphp-before-untimed,4,1000,/suspended,34160700,34255700,2026-09-25T22:40:34.434717500Z
graalphp-before-untimed,4,1000,/end,4859696900,4859773700,2026-09-25T22:40:39.260773200Z
graalphp,4,10000,/begin,26573300,26649100,2026-09-25T22:40:39.318973100Z
graalphp,4,10000,/suspended,73818000,73917800,2026-09-25T22:40:39.366972600Z
graalphp,4,10000,/end,5311103700,5311248800,2026-09-25T22:40:44.603498300Z
graalphp-untimed,4,10000,/begin,29662200,29786500,2026-09-25T22:40:44.668740400Z
graalphp-untimed,4,10000,/suspended,80243700,80403300,2026-09-25T22:40:44.718801600Z
graalphp-untimed,4,10000,/end,5147663600,5147757100,2026-09-25T22:40:49.786338400Z
graalphp-before,4,10000,/begin,29188300,29285200,2026-09-25T22:40:49.846526600Z
graalphp-before,4,10000,/suspended,77165600,77299600,2026-09-25T22:40:49.894461900Z
graalphp-before,4,10000,/end,5349019400,5349101800,2026-09-25T22:40:55.166547500Z
graalphp-before-untimed,4,10000,/begin,35694000,35806900,2026-09-25T22:40:55.262554800Z
graalphp-before-untimed,4,10000,/suspended,90801600,90898700,2026-09-25T22:40:55.317754500Z
graalphp-before-untimed,4,10000,/end,5147074400,5147147300,2026-09-25T22:41:00.373585200Z
