runtime,repetition,parked,sample_every,samples,mean_ms,p20_ms,p50_ms,p90_ms,p95_ms,p99_ms,max_ms
graalphp-before,1,1000,16,8192,2.551364,2.183100,2.341400,3.029700,3.096300,4.828200,15.188200
graalphp,1,1000,16,8192,2.499539,2.169900,2.265700,3.029300,3.133900,3.843300,14.579600
graalphp-before,1,10000,16,8192,2.566514,2.196600,2.334500,2.977300,3.063000,4.008600,20.396700
graalphp,1,10000,16,8192,2.550382,2.136700,2.259300,3.021200,3.102700,4.908600,20.796000
graalphp,2,1000,16,8192,2.483344,2.147000,2.280100,2.977200,3.059700,4.366400,15.151000
graalphp-before,2,1000,16,8192,2.505625,2.158700,2.321600,2.961000,3.029400,4.186600,14.744600
graalphp,2,10000,16,8192,2.505616,2.142700,2.268300,2.964000,3.032000,3.760600,20.240000
graalphp-before,2,10000,16,8192,2.493952,2.115800,2.240600,2.937600,3.035300,4.231800,21.209100
graalphp-before,3,1000,16,8192,2.462105,2.121000,2.237100,2.964400,3.068200,4.780200,14.829600
graalphp,3,1000,16,8192,2.435091,2.130100,2.236500,2.902000,3.024800,4.173600,16.028700
graalphp-before,3,10000,16,8192,2.550020,2.128300,2.331100,2.963600,3.066000,4.643900,21.810000
graalphp,3,10000,16,8192,2.539285,2.123400,2.250100,3.006600,3.062700,4.756500,20.638800
graalphp,4,1000,16,8192,2.461380,2.120100,2.259200,2.946900,3.026300,4.508900,15.223200
graalphp-before,4,1000,16,8192,2.408358,2.126500,2.218000,2.855400,3.004900,3.467600,14.982200
graalphp,4,10000,16,8192,2.530468,2.137600,2.262900,2.949400,3.046700,4.509000,20.745800
graalphp-before,4,10000,16,8192,2.553089,2.142600,2.272600,3.008700,3.050700,4.145200,20.577000
