runtime,repetition,parked,clients,phase,requests,seconds,requests_per_second,cpu_seconds,cpu_us_per_request,rss_mib,private_commit_mib,peak_rss_mib,distinct_peer_endpoints,user_us_per_request,kernel_us_per_request
graalphp-before-untimed,1,1000,0,startup,0,0.043584,0.000,0.015625,0.000,19.176,42.137,19.176,0,0.000,0.000
graalphp-before-untimed,1,1000,0,suspended,0,0.093322,0.000,0.015625,0.000,31.203,60.371,31.203,0,0.000,0.000
graalphp-before-untimed,1,1000,64,curl,131072,5.656671,23171.226,5.781250,44.107,145.289,166.168,153.730,64,18.954,25.153
graalphp-before,1,1000,0,startup,0,0.028414,0.000,0.015625,0.000,19.156,42.117,19.156,0,0.000,0.000
graalphp-before,1,1000,0,suspended,0,0.034611,0.000,0.015625,0.000,31.813,60.359,31.813,0,0.000,0.000
graalphp-before,1,1000,64,curl,131072,5.276564,24840.408,5.531250,42.200,197.359,217.516,201.359,64,21.338,20.862
graalphp-untimed,1,1000,0,startup,0,0.028646,0.000,0.062500,0.000,19.156,42.129,19.156,0,0.000,0.000
graalphp-untimed,1,1000,0,suspended,0,0.034935,0.000,0.062500,0.000,46.914,65.945,46.914,0,0.000,0.000
graalphp-untimed,1,1000,64,curl,131072,5.033363,26040.642,5.265625,40.174,79.207,99.816,152.395,64,19.670,20.504
graalphp,1,1000,0,startup,0,0.028602,0.000,0.000000,0.000,19.156,42.121,19.156,0,0.000,0.000
graalphp,1,1000,0,suspended,0,0.034632,0.000,0.000000,0.000,31.984,60.355,31.984,0,0.000,0.000
graalphp,1,1000,64,curl,131072,5.167076,25366.764,5.375000,41.008,88.574,113.918,201.379,78,20.385,20.623
graalphp-before-untimed,1,10000,0,startup,0,0.026632,0.000,0.015625,0.000,19.156,42.121,19.156,0,0.000,0.000
graalphp-before-untimed,1,10000,0,suspended,0,0.076336,0.000,0.093750,0.000,110.418,131.926,110.418,0,0.000,0.000
graalphp-before-untimed,1,10000,64,curl,131072,5.357800,24463.771,5.500000,41.962,182.141,203.113,185.508,64,23.007,18.954
graalphp-before,1,10000,0,startup,0,0.025667,0.000,0.000000,0.000,19.172,42.137,19.172,0,0.000,0.000
graalphp-before,1,10000,0,suspended,0,0.072551,0.000,0.046875,0.000,109.547,130.949,109.547,0,0.000,0.000
graalphp-before,1,10000,64,curl,131072,5.397081,24285.722,5.609375,42.796,224.379,244.863,230.238,72,23.961,18.835
graalphp-untimed,1,10000,0,startup,0,0.031241,0.000,0.015625,0.000,19.164,42.125,19.164,0,0.000,0.000
graalphp-untimed,1,10000,0,suspended,0,0.080268,0.000,0.062500,0.000,109.586,131.418,109.586,0,0.000,0.000
graalphp-untimed,1,10000,64,curl,131072,5.244365,24992.920,5.375000,41.008,115.332,131.355,178.246,64,21.577,19.431
graalphp,1,10000,0,startup,0,0.027687,0.000,0.015625,0.000,19.164,42.125,19.164,0,0.000,0.000
graalphp,1,10000,0,suspended,0,0.074667,0.000,0.109375,0.000,109.387,130.918,109.387,0,0.000,0.000
graalphp,1,10000,64,curl,131072,5.362301,24443.239,5.718750,43.631,128.523,150.176,225.852,64,24.557,19.073
graalphp,2,1000,0,startup,0,0.029214,0.000,0.031250,0.000,19.168,42.125,19.168,0,0.000,0.000
graalphp,2,1000,0,suspended,0,0.035514,0.000,0.046875,0.000,32.277,60.359,32.277,0,0.000,0.000
graalphp,2,1000,64,curl,131072,5.143211,25484.467,5.468750,41.723,89.523,114.426,201.711,64,23.365,18.358
graalphp-untimed,2,1000,0,startup,0,0.033026,0.000,0.015625,0.000,19.164,42.125,19.164,0,0.000,0.000
graalphp-untimed,2,1000,0,suspended,0,0.038794,0.000,0.015625,0.000,31.852,60.359,31.852,0,0.000,0.000
graalphp-untimed,2,1000,64,curl,131072,4.998056,26224.596,5.125000,39.101,80.336,100.359,153.781,64,21.338,17.762
graalphp-before,2,1000,0,startup,0,0.029262,0.000,0.000000,0.000,19.156,42.109,19.156,0,0.000,0.000
graalphp-before,2,1000,0,suspended,0,0.035314,0.000,0.000000,0.000,31.918,60.344,31.918,0,0.000,0.000
graalphp-before,2,1000,64,curl,131072,5.178712,25309.770,5.421875,41.366,197.238,217.434,201.297,64,20.027,21.338
graalphp-before-untimed,2,1000,0,startup,0,0.032351,0.000,0.031250,0.000,19.172,42.133,19.172,0,0.000,0.000
graalphp-before-untimed,2,1000,0,suspended,0,0.039918,0.000,0.031250,0.000,31.777,60.371,31.777,0,0.000,0.000
graalphp-before-untimed,2,1000,64,curl,131072,4.958297,26434.883,5.125000,39.101,145.379,166.203,153.824,64,18.120,20.981
graalphp,2,10000,0,startup,0,0.027668,0.000,0.015625,0.000,19.184,42.145,19.184,0,0.000,0.000
graalphp,2,10000,0,suspended,0,0.075408,0.000,0.109375,0.000,110.129,131.953,110.129,0,0.000,0.000
graalphp,2,10000,64,curl,131072,5.261956,24909.366,5.531250,42.200,127.090,148.949,225.953,64,23.842,18.358
graalphp-untimed,2,10000,0,startup,0,0.028384,0.000,0.015625,0.000,19.160,42.113,19.160,0,0.000,0.000
graalphp-untimed,2,10000,0,suspended,0,0.077090,0.000,0.078125,0.000,109.633,131.398,109.633,0,0.000,0.000
graalphp-untimed,2,10000,64,curl,131072,5.176241,25321.852,5.296875,40.412,113.715,130.813,183.047,64,19.670,20.742
graalphp-before,2,10000,0,startup,0,0.029893,0.000,0.015625,0.000,19.184,42.137,19.184,0,0.000,0.000
graalphp-before,2,10000,0,suspended,0,0.078142,0.000,0.125000,0.000,109.980,131.441,109.980,0,0.000,0.000
graalphp-before,2,10000,64,curl,131072,5.291470,24770.434,5.625000,42.915,222.531,244.879,228.184,76,21.696,21.219
graalphp-before-untimed,2,10000,0,startup,0,0.026734,0.000,0.015625,0.000,19.168,42.133,19.168,0,0.000,0.000
graalphp-before-untimed,2,10000,0,suspended,0,0.074976,0.000,0.109375,0.000,109.570,131.426,109.570,0,0.000,0.000
graalphp-before-untimed,2,10000,64,curl,131072,5.123049,25584.767,5.296875,40.412,174.980,195.633,185.758,64,19.193,21.219
graalphp-before-untimed,3,1000,0,startup,0,0.027698,0.000,0.000000,0.000,19.172,42.133,19.172,0,0.000,0.000
graalphp-before-untimed,3,1000,0,suspended,0,0.033400,0.000,0.000000,0.000,31.715,60.367,31.715,0,0.000,0.000
graalphp-before-untimed,3,1000,64,curl,131072,4.948590,26486.736,5.203125,39.697,168.059,188.285,168.059,64,18.597,21.100
graalphp-before,3,1000,0,startup,0,0.030065,0.000,0.015625,0.000,19.160,42.109,19.160,0,0.000,0.000
graalphp-before,3,1000,0,suspended,0,0.039552,0.000,0.015625,0.000,31.707,60.367,31.707,0,0.000,0.000
graalphp-before,3,1000,64,curl,131072,5.084730,25777.573,5.484375,41.842,231.801,250.063,231.801,64,20.862,20.981
graalphp-untimed,3,1000,0,startup,0,0.030683,0.000,0.031250,0.000,19.168,42.117,19.168,0,0.000,0.000
graalphp-untimed,3,1000,0,suspended,0,0.036447,0.000,0.031250,0.000,32.887,60.355,32.887,0,0.000,0.000
graalphp-untimed,3,1000,64,curl,131072,4.893604,26784.351,5.000000,38.147,80.297,100.383,153.797,70,18.597,19.550
graalphp,3,1000,0,startup,0,0.026432,0.000,0.015625,0.000,19.168,42.117,19.168,0,0.000,0.000
graalphp,3,1000,0,suspended,0,0.032181,0.000,0.031250,0.000,31.816,60.395,31.816,0,0.000,0.000
graalphp,3,1000,64,curl,131072,5.034663,26033.916,5.281250,40.293,89.727,114.422,201.813,78,21.815,18.477
graalphp-before-untimed,3,10000,0,startup,0,0.028700,0.000,0.015625,0.000,19.168,42.125,19.168,0,0.000,0.000
graalphp-before-untimed,3,10000,0,suspended,0,0.075525,0.000,0.062500,0.000,109.512,130.906,109.512,0,0.000,0.000
graalphp-before-untimed,3,10000,64,curl,131072,5.247251,24979.176,5.312500,40.531,178.137,199.195,185.453,68,19.670,20.862
graalphp-before,3,10000,0,startup,0,0.028770,0.000,0.015625,0.000,19.168,42.129,19.168,0,0.000,0.000
graalphp-before,3,10000,0,suspended,0,0.080395,0.000,0.093750,0.000,110.051,131.418,110.051,0,0.000,0.000
graalphp-before,3,10000,64,curl,131072,5.361525,24446.774,5.671875,43.273,251.340,272.566,251.340,64,24.915,18.358
graalphp-untimed,3,10000,0,startup,0,0.053792,0.000,0.015625,0.000,19.160,42.117,19.160,0,0.000,0.000
graalphp-untimed,3,10000,0,suspended,0,0.102441,0.000,0.125000,0.000,109.645,131.406,109.645,0,0.000,0.000
graalphp-untimed,3,10000,64,curl,131072,5.226799,25076.918,5.484375,41.842,116.297,132.336,183.059,64,20.981,20.862
graalphp,3,10000,0,startup,0,0.026218,0.000,0.031250,0.000,19.168,42.125,19.168,0,0.000,0.000
graalphp,3,10000,0,suspended,0,0.074079,0.000,0.140625,0.000,110.379,131.930,110.379,0,0.000,0.000
graalphp,3,10000,64,curl,131072,5.329458,24593.869,5.578125,42.558,127.395,148.957,225.887,92,23.723,18.835
graalphp,4,1000,0,startup,0,0.039304,0.000,0.015625,0.000,19.160,42.121,19.160,0,0.000,0.000
graalphp,4,1000,0,suspended,0,0.044923,0.000,0.015625,0.000,31.660,60.371,31.660,0,0.000,0.000
graalphp,4,1000,64,curl,131072,5.094829,25726.476,5.375000,41.008,90.301,114.977,201.355,64,23.246,17.762
graalphp-untimed,4,1000,0,startup,0,0.026358,0.000,0.015625,0.000,19.172,42.129,19.172,0,0.000,0.000
graalphp-untimed,4,1000,0,suspended,0,0.032206,0.000,0.015625,0.000,31.824,60.371,31.824,0,0.000,0.000
graalphp-untimed,4,1000,64,curl,131072,4.867145,26929.956,5.031250,38.385,80.934,101.383,153.859,64,20.504,17.881
graalphp-before,4,1000,0,startup,0,0.027167,0.000,0.015625,0.000,19.176,42.137,19.176,0,0.000,0.000
graalphp-before,4,1000,0,suspended,0,0.033219,0.000,0.046875,0.000,30.695,60.375,30.695,0,0.000,0.000
graalphp-before,4,1000,64,curl,131072,4.987733,26278.872,5.234375,39.935,197.375,217.496,201.371,64,22.054,17.881
graalphp-before-untimed,4,1000,0,startup,0,0.028212,0.000,0.015625,0.000,19.160,42.113,19.160,0,0.000,0.000
graalphp-before-untimed,4,1000,0,suspended,0,0.034161,0.000,0.015625,0.000,31.855,60.355,31.855,0,0.000,0.000
graalphp-before-untimed,4,1000,64,curl,131072,4.859697,26971.229,4.953125,37.789,145.277,166.078,154.078,80,19.193,18.597
graalphp,4,10000,0,startup,0,0.026573,0.000,0.015625,0.000,19.172,42.133,19.172,0,0.000,0.000
graalphp,4,10000,0,suspended,0,0.073818,0.000,0.093750,0.000,109.391,130.934,109.391,0,0.000,0.000
graalphp,4,10000,64,curl,131072,5.311104,24678.863,5.656250,43.154,129.148,150.102,253.617,64,22.888,20.266
graalphp-untimed,4,10000,0,startup,0,0.029662,0.000,0.015625,0.000,19.160,42.113,19.160,0,0.000,0.000
graalphp-untimed,4,10000,0,suspended,0,0.080244,0.000,0.140625,0.000,110.363,131.906,110.363,0,0.000,0.000
graalphp-untimed,4,10000,64,curl,131072,5.147664,25462.425,5.343750,40.770,114.832,130.977,182.973,64,21.219,19.550
graalphp-before,4,10000,0,startup,0,0.029188,0.000,0.015625,0.000,19.176,42.133,19.176,0,0.000,0.000
graalphp-before,4,10000,0,suspended,0,0.077166,0.000,0.093750,0.000,109.648,131.418,109.648,0,0.000,0.000
graalphp-before,4,10000,64,curl,131072,5.349019,24503.931,5.750000,43.869,252.059,271.738,252.059,64,25.034,18.835
graalphp-before-untimed,4,10000,0,startup,0,0.035694,0.000,0.015625,0.000,19.168,42.121,19.168,0,0.000,0.000
graalphp-before-untimed,4,10000,0,suspended,0,0.090802,0.000,0.078125,0.000,109.523,130.922,109.523,0,0.000,0.000
graalphp-before-untimed,4,10000,64,curl,131072,5.147074,25465.340,5.296875,40.412,175.047,195.621,185.414,64,21.815,18.597
