runtime,repetition,parked,clients,phase,requests,seconds,requests_per_second,cpu_seconds,cpu_us_per_request,rss_mib,private_commit_mib,peak_rss_mib,distinct_peer_endpoints
graalphp-before,1,1000,0,baseline,0,1.001158,0.000,0.015625,0.000,179.730,198.359,179.730,0
graalphp-before,1,1000,0,suspended,0,1.000442,0.000,0.031250,0.000,187.531,205.480,187.531,0
graalphp-before,1,1000,64,curl,32768,2.384413,13742.585,2.484375,75.817,192.551,211.367,198.758,64
graalphp,1,1000,0,baseline,0,1.000912,0.000,0.031250,0.000,198.723,216.281,198.723,0
graalphp,1,1000,0,suspended,0,1.000562,0.000,0.015625,0.000,199.043,216.402,199.043,0
graalphp,1,1000,64,curl,32768,2.000177,16382.553,2.046875,62.466,208.793,224.656,212.375,64
graalphp-before,1,10000,0,baseline,0,1.000822,0.000,0.015625,0.000,180.766,198.875,180.766,0
graalphp-before,1,10000,0,suspended,0,1.000790,0.000,0.000000,0.000,196.168,214.355,196.168,0
graalphp-before,1,10000,64,curl,32768,2.438750,13436.394,2.500000,76.294,206.406,224.734,218.750,64
graalphp,1,10000,0,baseline,0,1.000429,0.000,0.015625,0.000,198.168,215.777,198.168,0
graalphp,1,10000,0,suspended,0,1.000331,0.000,0.000000,0.000,216.656,234.535,216.656,0
graalphp,1,10000,64,curl,32768,2.180745,15026.058,2.234375,68.188,235.363,251.727,242.082,64
graalphp,2,1000,0,baseline,0,1.002003,0.000,0.031250,0.000,188.293,207.785,188.293,0
graalphp,2,1000,0,suspended,0,1.000614,0.000,0.015625,0.000,199.203,217.922,199.203,0
graalphp,2,1000,64,curl,32768,1.992269,16447.579,2.062500,62.943,208.641,226.242,212.289,64
graalphp-before,2,1000,0,baseline,0,1.000125,0.000,0.015625,0.000,182.043,199.879,182.043,0
graalphp-before,2,1000,0,suspended,0,1.000135,0.000,0.046875,0.000,187.922,205.492,187.922,0
graalphp-before,2,1000,64,curl,32768,2.340515,14000.339,2.359375,72.002,198.547,216.297,204.793,64
graalphp,2,10000,0,baseline,0,1.000882,0.000,0.031250,0.000,193.473,212.770,193.473,0
graalphp,2,10000,0,suspended,0,1.000182,0.000,0.015625,0.000,211.395,230.516,211.395,0
graalphp,2,10000,64,curl,32768,2.152970,15219.908,2.453125,74.863,264.609,281.836,269.016,64
graalphp-before,2,10000,0,baseline,0,1.000365,0.000,0.031250,0.000,177.809,196.859,177.809,0
graalphp-before,2,10000,0,suspended,0,1.001914,0.000,0.000000,0.000,194.746,213.867,194.746,0
graalphp-before,2,10000,64,curl,32768,2.475014,13239.521,2.750000,83.923,240.605,259.391,248.984,64
graalphp-before,3,1000,0,baseline,0,1.000523,0.000,0.015625,0.000,177.227,196.313,177.227,0
graalphp-before,3,1000,0,suspended,0,1.001047,0.000,0.046875,0.000,186.188,204.473,186.188,0
graalphp-before,3,1000,64,curl,32768,2.356262,13906.774,2.437500,74.387,185.516,203.613,191.645,64
graalphp,3,1000,0,baseline,0,1.002027,0.000,0.031250,0.000,238.863,256.902,238.863,0
graalphp,3,1000,0,suspended,0,1.000222,0.000,0.046875,0.000,239.348,257.039,239.348,0
graalphp,3,1000,64,curl,32768,2.019129,16228.781,2.125000,64.850,241.820,257.820,245.156,64
graalphp-before,3,10000,0,baseline,0,1.001016,0.000,0.031250,0.000,179.125,198.309,179.125,0
graalphp-before,3,10000,0,suspended,0,1.000517,0.000,0.015625,0.000,194.828,213.816,194.828,0
graalphp-before,3,10000,64,curl,32768,2.373391,13806.408,2.437500,74.387,211.723,231.273,223.508,64
graalphp,3,10000,0,baseline,0,1.001638,0.000,0.015625,0.000,194.207,213.328,194.207,0
graalphp,3,10000,0,suspended,0,1.001822,0.000,0.015625,0.000,212.059,231.016,212.059,0
graalphp,3,10000,64,curl,32768,2.191101,14955.037,2.250000,68.665,231.668,249.324,237.145,64
