runtime,repetition,parked,phase,clients,start,end
graalphp,1,1000,curl,64,2026-09-25T18:29:05.110675400Z,2026-09-25T18:29:08.226980500Z
trueasync,1,1000,curl,64,2026-09-25T18:29:10.887161300Z,2026-09-25T18:29:13.668345600Z
graalphp,1,10000,curl,64,2026-09-25T18:29:16.417431100Z,2026-09-25T18:29:19.456383600Z
trueasync,1,10000,curl,64,2026-09-25T18:29:22.614930400Z,2026-09-25T18:29:25.365346100Z
trueasync,2,1000,curl,64,2026-09-25T18:29:28.128807500Z,2026-09-25T18:29:30.684566400Z
graalphp,2,1000,curl,64,2026-09-25T18:29:33.401028400Z,2026-09-25T18:29:36.289247900Z
trueasync,2,10000,curl,64,2026-09-25T18:29:39.400707400Z,2026-09-25T18:29:42.108577400Z
graalphp,2,10000,curl,64,2026-09-25T18:29:44.954321400Z,2026-09-25T18:29:47.983264Z
graalphp,3,1000,curl,64,2026-09-25T18:29:50.725021900Z,2026-09-25T18:29:53.597152200Z
trueasync,3,1000,curl,64,2026-09-25T18:29:56.238459500Z,2026-09-25T18:29:58.811244Z
graalphp,3,10000,curl,64,2026-09-25T18:30:01.543334200Z,2026-09-25T18:30:04.476712900Z
trueasync,3,10000,curl,64,2026-09-25T18:30:07.677774600Z,2026-09-25T18:30:10.404863900Z
